Model,Accuracy,Precision,Recall,F1-Score,ROC-AUC,Training_Time
Logistic Regression,0.6863543788187373,0.6372549019607843,0.6190476190476191,0.6280193236714976,0.7340450771055753,0.03799867630004883
Decision Tree,0.6904276985743381,0.6435643564356436,0.6190476190476191,0.6310679611650486,0.7530503304524657,0.018883466720581055
Random Forest,0.6741344195519349,0.6213592233009708,0.6095238095238096,0.6153846153846154,0.7464328079986443,0.6620185375213623
Gradient Boosting,0.6822810590631364,0.6323529411764706,0.6142857142857143,0.6231884057971014,0.757600406710727,1.117220401763916
XGBoost,0.670061099796334,0.6132075471698113,0.6190476190476191,0.6161137440758294,0.7306558210472802,0.5682909488677979
Neural Network,0.6313645621181263,0.569377990430622,0.5666666666666667,0.568019093078759,0.6770038976444671,10.397866487503052
